{"model_files": ["50_epoch.pth", "best_3d_unet_model.pth", "new_3d.pth"], 
"patient_names": ["01016SACH", "01038PAGU", "01039VITE", "01040VANE", "01042GULE", "07001MOEL", "07003SATH", "07010NABO", "07040DORE", "07043SEME", "08002CHJE", "08027SYBR", "08029IVDI", "08031SEVE", "08037ROGU"], 
"dice_matrix": [[0.2245824787576802, 0.18981343505987516, 0.398257094318222, 0.0010735373054184822, 0.3449132690319378, 0.006259838079702096, 0.007399234114363001, 0.0, 0.05210151738954285, 0.0370307086358838, 0.23053848045236527, 0.18476230018645473, 0.1798716388181753, 0.41596509240235735, 0.5202720020067225], 
                [0.07689633967005818, 0.012283089486217714, 0.09098538892914862, 0.0, 0.23172994819830003, 0.005823321385759082, 0.0011907674741047883, 0.0, 0.0017808447882454333, 0.04469573327115834, 0.02378848136690831, 0.009777294948371056, 0.0632498800191906, 0.26021076616333794, 0.5027466732696415], [0.3798935112910732, 0.13086007986123047, 0.19566429169914148, 0.007103963263715359, 0.1350786738765283, 0.0029683005901630834, 0.25376358073371524, 0.012653046034753953, 0.01385205682801384, 0.019896962723221227, 0.13866455319991525, 0.010262902587260552, 0.5388354889753096, 0.026049631960585552, 0.0868520367137104]], 
"iou_matrix": [[0.12649558544433662, 0.10485849289581572, 0.24863983658395217, 0.0005370569280329295, 0.20839588800896108, 0.003139746191235295, 0.0037133550488596327, 0.0, 0.0267475527367933, 0.018864639808068642, 0.13028736590513862, 0.10178408051211851, 0.09882360093624558, 0.2625984379556462, 0.3515997553011673], [0.03998554069460056, 0.0061794963967191875, 0.047660918047196535, 0.0, 0.13104895825283538, 0.002920163217336252, 0.0005957384300251683, 0.0, 0.000891215952765058, 0.02285871003899194, 0.012037416613866493, 0.004912663755445108, 0.03265773904783201, 0.14956453408411396, 0.3357792995307744],
               [0.2344867537650644, 0.07001085282663863, 0.10844117909931428, 0.003564643178953449, 0.07243129883516872, 0.00148635627118001, 0.14532028878445852, 0.0063668027414679725, 0.006974332841435443, 0.01004844816085196, 0.07449734728809922, 0.005157918903258844, 0.36877126764968665, 0.013196700576853314, 0.04539744880188004]]}