{"01016SACH": {"dice": 0.0, "iou": 0.0, "threshold": 0.1, "hausdorff": 250.3018178120167, "type": "train", "precision": 0.0, "recall": 0.0, "specificity": 0.9998730455658513, "fpr": 0.00012695443414824327, "fnr": 0.9999999999999443}, 
"01038PAGU": {"dice": 0.0, "iou": 0.0, "threshold": 0.1, "hausdorff": 249.8219365868418, "type": "train", "precision": 0.0, "recall": 0.0, "specificity": 0.9998734673817371, "fpr": 0.00012653261826251632, "fnr": 0.9999999999998289}, 
"01039VITE": {"dice": 0.0, "iou": 0.0, "threshold": 0.1, "hausdorff": 240.47245164467384, "type": "train", "precision": 0.0, "recall": 0.0, "specificity": 0.9998732878622573, "fpr": 0.00012671213774239352, "fnr": 0.9999999999999001}, 
"01040VANE": {"dice": 0.0, "iou": 0.0, "threshold": 0.05, "hausdorff": 286.2516375499012, "type": "val", "precision": 0.0, "recall": 0.0, "specificity": 0.9995290769766189, "fpr": 0.0004709230233807934, "fnr": 0.999999999995905}, 
"01042GULE": {"dice": 0.0, "iou": 0.0, "threshold": 0.1, "hausdorff": 273.5854528296415, "type": "train", "precision": 0.0, "recall": 0.0, "specificity": 0.9998734972654072, "fpr": 0.0001265027345923973, "fnr": 0.999999999999867}, 
"07001MOEL": {"dice": 0.0, "iou": 0.0, "threshold": 0.1, "hausdorff": 254.65270467835208, "type": "train", "precision": 0.0, "recall": 0.0, "specificity": 0.9998738678570966, "fpr": 0.00012613214290296585, "fnr": 0.9999999999978678}, 
"07003SATH": {"dice": 0.0, "iou": 0.0, "threshold": 0.05, "hausdorff": 248.10280127398804, "type": "val", "precision": 0.0, "recall": 0.0, "specificity": 0.9996211403352153, "fpr": 0.0003788596647843414, "fnr": 0.9999999999999184}, 
"07010NABO": {"dice": 0.0, "iou": 0.0, "threshold": 0.1, "hausdorff": 271.36691028937184, "type": "train", "precision": 0.0, "recall": 0.0, "specificity": 0.9998737528639833, "fpr": 0.00012624713601633558, "fnr": 0.9999999999987117}, 
"07040DORE": {"dice": 0.0, "iou": 0.0, "threshold": 0.1, "hausdorff": 269.52550899682944, "type": "train", "precision": 0.0, "recall": 0.0, "specificity": 0.999873836570147, "fpr": 0.00012616342985265764, "fnr": 0.9999999999991663}, 
"07043SEME": {"dice": 0.0, "iou": 0.0, "threshold": 0.1, "hausdorff": 285.3296339324046, "type": "train", "precision": 0.0, "recall": 0.0, "specificity": 0.9998737521301776, "fpr": 0.00012624786982200269, "fnr": 0.9999999999996845}, 
"08002CHJE": {"dice": 0.0, "iou": 0.0, "threshold": 0.1, "hausdorff": 260.14226876845674, "type": "train", "precision": 0.0, "recall": 0.0, "specificity": 0.9998730263848655, "fpr": 0.0001269736151341407, "fnr": 0.999999999999625}, 
"08027SYBR": {"dice": 0.0, "iou": 0.0, "threshold": 0.1, "hausdorff": 274.96908917185584, "type": "train", "precision": 0.0, "recall": 0.0, "specificity": 0.9998730915880254, "fpr": 0.00012690841197423458, "fnr": 0.9999999999972707}, 
"08029IVDI": {"dice": 0.0, "iou": 0.0, "threshold": 0.05, "hausdorff": 258.0581329855736, "type": "val", "precision": 0.0, "recall": 0.0, "specificity": 0.9834131243747017, "fpr": 0.016586875625297863, "fnr": 0.9999999999998967}, 
"08031SEVE": {"dice": 0.0, "iou": 0.0, "threshold": 0.1, "hausdorff": 261.30824709526485, "type": "train", "precision": 0.0, "recall": 0.0, "specificity": 0.9998739628632524, "fpr": 0.00012603713674727142, "fnr": 0.9999999999992967}, 
"08037ROGU": {"dice": 0.0, "iou": 0.0, "threshold": 0.1, "hausdorff": 248.67046467162118, "type": "train", "precision": 0.0, "recall": 0.0, "specificity": 0.9998727788557366, "fpr": 0.00012722114426302878, "fnr": 0.9999999999998535}}