{"07043SEME": {"dice": 0.0358151449454719, "iou": 0.01823410095710041, "threshold": 0.1, "hausdorff": 164.8666127510358, "type": "train", "precision": 0.018252623605672702, "recall": 0.9472804139320585, "specificity": 0.9451336814096271, "fpr": 0.054866318590372526, "fnr": 0.05271958606762597}, "08027SYBR": {"dice": 0.19038461538424925, "iou": 0.10520722635471795, "threshold": 0.1, "hausdorff": 151.9341962824696, "type": "train", "precision": 0.32226562499790196, "recall": 0.13509825327474045, "specificity": 0.9999646665801373, "fpr": 3.53334198623103e-05, "fnr": 0.8649017467225303}, "01016SACH": {"dice": 0.25186692518860015, "iou": 0.14407766137356173, "threshold": 0.1, "hausdorff": 59.2452529743945, "type": "train", "precision": 0.917290079004084, "recall": 0.1459740317537942, "specificity": 0.9999192108146325, "fpr": 8.078918536706389e-05, "fnr": 0.8540259682461501}, "08031SEVE": {"dice": 0.39421288322416026, "iou": 0.24549510897538887, "threshold": 0.1, "hausdorff": 236.57979626333267, "type": "train", "precision": 0.29267544158756986, "recall": 0.6036289471829217, "specificity": 0.9992956927996902, "fpr": 0.0007043072003094426, "fnr": 0.39637105281637497}, "07001MOEL": {"dice": 0.006085498780422756, "iou": 0.003052035970800434, "threshold": 0.1, "hausdorff": 179.20379460268134, "type": "train", "precision": 0.0030535006769233323, "recall": 0.8641791044757694, "specificity": 0.9550840587911554, "fpr": 0.04491594120884419, "fnr": 0.13582089552209847}, "07040DORE": {"dice": 0.05149798653231549, "iou": 0.02642952697835104, "threshold": 0.1, "hausdorff": 186.23103930333417, "type": "train", "precision": 0.032204133664911455, "recall": 0.1284594864953914, "specificity": 0.9984277103238757, "fpr": 0.0015722896761239439, "fnr": 0.8715405135037749}, "01039VITE": {"dice": 0.4260177603505612, "iou": 0.27066236811251754, "threshold": 0.1, "hausdorff": 60.049979184009715, "type": "train", "precision": 0.9240236133806077, "recall": 0.276823005135761, "specificity": 0.9999224266998714, "fpr": 7.757330012823769e-05, "fnr": 0.7231769948641391}, "01038PAGU": {"dice": 0.21252167324753216, "iou": 0.11889468536026755, "threshold": 0.1, "hausdorff": 93.47726996441435, "type": "train", "precision": 0.7140199725859466, "recall": 0.12483952138856796, "specificity": 0.9999006713845885, "fpr": 9.932861541112879e-05, "fnr": 0.8751604786112609}, "08037ROGU": {"dice": 0.4979095785285405, "iou": 0.331477766858259, "threshold": 0.1, "hausdorff": 65.46754921333164, "type": "train", "precision": 0.3800354993054191, "recall": 0.7217816993271401, "specificity": 0.9972672966244995, "fpr": 0.0027327033755001114, "fnr": 0.2782183006727134}, "01042GULE": {"dice": 0.3712423835207581, "iou": 0.22792979124987536, "threshold": 0.1, "hausdorff": 208.94736179239018, "type": "train", "precision": 0.602737678950177, "recall": 0.2682245600967896, "specificity": 0.9995477476201712, "fpr": 0.0004522523798284413, "fnr": 0.7317754399030775}, "07010NABO": {"dice": 0.0, "iou": 0.0, "threshold": 0.1, "hausdorff": 163.97865714781298, "type": "train", "precision": 0.0, "recall": 0.0, "specificity": 0.9999960961493296, "fpr": 3.9038506700399545e-06, "fnr": 0.9999999999987117}, "08002CHJE": {"dice": 0.24405244338492396, "iou": 0.13898618011996988, "threshold": 0.1, "hausdorff": 196.58331567048106, "type": "train", "precision": 0.3349911654994208, "recall": 0.19194570475076234, "specificity": 0.9996548138370801, "fpr": 0.00034518616291951256, "fnr": 0.8080542952488626}, 
"08029IVDI": {"dice": 0.1966988999370953, "iou": 0.1090771252400577, "threshold": 0.1, "hausdorff": 194.87688421154522, "type": "val", "precision": 0.8385918557655901, "recall": 0.11141627001743762, "specificity": 0.9999292791791397, "fpr": 7.072082086000669e-05, "fnr": 0.8885837299824592}, "01040VANE": {"dice": 0.004067107269943907, "iou": 0.0020376974019306222, "threshold": 0.1, "hausdorff": 229.34035841953332, "type": "val", "precision": 0.005361930294870229, "recall": 0.0032760032759898607, "specificity": 0.9999496324492467, "fpr": 5.036755075294396e-05, "fnr": 0.9967239967199152}, "07003SATH": {"dice": 0.009185458786935493, "iou": 0.004613919878914743, "threshold": 0.1, "hausdorff": 71.11258679024411, "type": "val", "precision": 0.6169749727898044, "recall": 0.004627173833209184, "specificity": 0.999988004083655, "fpr": 1.1995916344705242e-05, "fnr": 0.9953728261667092}}