{"01016SACH": {"dice": 0.36094052736942844, "iou": 0.22021197729338343, "threshold": 0.1, "hausdorff": 75.69015788066504, "type": "val", "precision": 0.22361863517444075, "recall": 0.9352963428609055, "specificity": 0.9800683587140898, "fpr": 0.01993164128590978, "fnr": 0.06470365713903889}, 
"01038PAGU": {"dice": 0.1251930223649222, "iou": 0.06677648625078374, "threshold": 0.1, "hausdorff": 123.11782974045636, "type": "train", "precision": 0.06781154807132737, "recall": 0.813947517074785, "specificity": 0.9777723573802093, "fpr": 0.022227642619790353, "fnr": 0.1860524829250439}, 
"01039VITE": {"dice": 0.185569273561428, "iou": 0.10227410220596839, "threshold": 0.1, "hausdorff": 76.34788798650555, "type": "train", "precision": 0.10386239163603661, "recall": 0.8699266601385994, "specificity": 0.9744192337651304, "fpr": 0.025580766234869195, "fnr": 0.13007333986130074}, 
"01040VANE": {"dice": 0.007176681531883426, "iou": 0.0036012633259430854, "threshold": 0.1, "hausdorff": 230.3584163862914, "type": "train", "precision": 0.003608597755780377, "recall": 0.6392301392275216, "specificity": 0.9853711114401064, "fpr": 0.014628888559893291, "fnr": 0.3607698607683834}, 
"01042GULE": {"dice": 0.12468540185199288, "iou": 0.06648772529959915, "threshold": 0.1, "hausdorff": 210.74629296858345, "type": "train", "precision": 0.06677141577585768, "recall": 0.9399364251797598, "specificity": 0.9663930412744259, "fpr": 0.03360695872557374, "fnr": 0.06006357482010719}, 
"07001MOEL": {"dice": 0.002911680792027314, "iou": 0.0014579629573829066, "threshold": 0.1, "hausdorff": 191.09683409203828, "type": "train", "precision": 0.0014579835506811673, "recall": 0.9904051172686772, "specificity": 0.8920184625415026, "fpr": 0.10798153745849702, "fnr": 0.009594882729190629}, 
"07003SATH": {"dice": 0.24138924864558908, "iou": 0.13726132884134867, "threshold": 0.1, "hausdorff": 134.2013412749664, "type": "train", "precision": 0.14182926585288275, "recall": 0.8099512800214784, "specificity": 0.9795343873676999, "fpr": 0.0204656126322997, "fnr": 0.19004871997843997}, 
"07010NABO": {"dice": 0.01706935929798742, "iou": 0.008608147429677315, "threshold": 0.1, "hausdorff": 124.51907484397722, "type": "train", "precision": 0.011131143685815187, "recall": 0.036588508116417694, "specificity": 0.9991435291095204, "fpr": 0.0008564708904792004, "fnr": 0.963411491882294}, 
"07040DORE": {"dice": 0.013446439734710209, "iou": 0.006768727510631294, "threshold": 0.1, "hausdorff": 192.27064258487306, "type": "train", "precision": 0.006776042178340985, "recall": 0.8624541513830756, "specificity": 0.9485125548909376, "fpr": 0.051487445109062085, "fnr": 0.13754584861609073}, 
"07043SEME": {"dice": 0.01951584663323135, "iou": 0.009854078660541134, "threshold": 0.1, "hausdorff": 180.89499716686473, "type": "val", "precision": 0.009854701509933993, "recall": 0.993626956082473, "specificity": 0.8924942651667311, "fpr": 0.10750573483326852, "fnr": 0.006373043917211518}, 
"08002CHJE": {"dice": 0.12719756414163985, "iou": 0.06791830345059408, "threshold": 0.1, "hausdorff": 197.3068675946177, "type": "train", "precision": 0.06999193372081364, "recall": 0.6962765757993564, "specificity": 0.9916188921929124, "fpr": 0.008381107807087196, "fnr": 0.30372342420026854}, 
"08027SYBR": {"dice": 0.009734600205323988, "iou": 0.004891106586251386, "threshold": 0.1, "hausdorff": 153.8473269186046, "type": "val", "precision": 0.004901894222282477, "recall": 0.6896834061116548, "specificity": 0.9825882609141909, "fpr": 0.01741173908580868, "fnr": 0.31031659388561594}, 
"08029IVDI": {"dice": 0.5074880440949823, "iou": 0.34002276637526546, "threshold": 0.1, "hausdorff": 198.24732028453752, "type": "train", "precision": 0.3699024445578635, "recall": 0.8080389869182361, "specificity": 0.9954608265047332, "fpr": 0.0045391734952664195, "fnr": 0.19196101308166066}, 
"08031SEVE": {"dice": 0.024208520815598305, "iou": 0.01225256868988598, "threshold": 0.1, "hausdorff": 239.9374918598592, "type": "train", "precision": 0.012261311851780091, "recall": 0.9450031647788557, "specificity": 0.9632465590961884, "fpr": 0.036753440903811205, "fnr": 0.05499683522044096}, 
"08037ROGU": {"dice": 0.0823614109096104, "iou": 0.042949391704031996, "threshold": 0.1, "hausdorff": 154.47329866355545, "type": "train", "precision": 0.04298852305330379, "recall": 0.9792457531474373, "specificity": 0.9494058517440297, "fpr": 0.050594148255969876, "fnr": 0.02075424685241609}}